Phenotype,Timepoint,AL_Mean,AL_SE,1D_Mean,1D_SE,2D_Mean,2D_SE,20_Mean,20_SE,40_Mean,40_SE,Diet_FTestStat,Diet_FTestNumDF,Diet_FTestDenDF,Diet_FTestScaling,Diet_FTestPValue,Diet_PairwiseDifferences
Lymph_PercViable,05 months,0.9159923250640842,0.04875387609432102,1.0658399506158331,0.04872767376035668,1.1742745208004677,0.04861296312033453,1.0385693238715061,0.04867098910527667,1.060302520022696,0.045809985033393466,5.025075306801341,4,669.1473375199779,0.9988832354479699,5.385674018475743e-4,AL-2D:AL-40
Lymph_PercViable,16 months,0.34926867867520495,0.05221731613275743,0.6066550909194752,0.0526153932348166,0.6801307449609526,0.051912258349206514,0.8216196997558658,0.05204828796209373,0.73726360078459,0.05112790087529488,13.204627390042585,4,330.93904273895436,0.9958250899370025,5.431779247556376e-10,AL-1D:AL-2D:AL-20:AL-40:1D-20
Lymph_PercViable,28 months,0.12377171005174625,0.11921737285070495,0.4534813599118605,0.1078630194095707,0.436751674340957,0.10833749467589383,0.4957472332943722,0.10227033968685387,0.3238145926865998,0.09881284963798141,2.219812648317828,4,469.5153521284931,0.999998677365399,0.06589311727060679,NA
Myeloid_PercViable,05 months,-1.2144826097271362,0.044891231128937,-1.3311995185503722,0.044870213713968696,-1.4441528787552147,0.044740304877071806,-1.3407216915994404,0.04480591698099543,-1.3430805366243377,0.04239959885699616,4.459105899023225,4,567.2671523773229,0.9982718639934759,0.001482096800777083,AL-2D
Myeloid_PercViable,16 months,-0.6477919158353762,0.050951250417152726,-0.8792830290599074,0.05128412953765541,-0.9880628836993841,0.05065124620909823,-1.0730966892981306,0.050774528313018034,-1.0021898922828023,0.04925466626251128,12.69145465522761,4,356.16578079179936,0.9962704008417786,1.1488803234563778e-9,AL-1D:AL-2D:AL-20:AL-40
Myeloid_PercViable,28 months,-0.4542343592666157,0.1101967336264915,-0.7364776658105054,0.09922459821966356,-0.6591954995893214,0.09967998501504209,-0.7508482853210097,0.09380264652230948,-0.6201554828869462,0.09042785227230452,1.5792940870999106,4,469.95520570241314,0.9999982921443442,0.17861952984129037,NA
CLLlike_PercViable,05 months,-4.593650265186286,0.05271582376107312,-4.617240600141421,0.05268719262137545,-4.686597402917304,0.05256740617740476,-4.600973182244299,0.05262801274259826,-4.653857494228591,0.049521233092483304,0.8668503018123437,4,685.1625840074803,0.9989646778232484,0.4834194007249669,NA
CLLlike_PercViable,16 months,-4.226046861892591,0.08316792064926097,-4.320053833330183,0.0833397878761888,-4.338908798662709,0.08268984068853243,-4.289473366544729,0.08283211051066125,-4.616244422848694,0.0774350463184717,6.072915253201628,4,564.4247086838132,0.998534167019511,8.657544400847108e-5,AL-40:1D-40:2D-40:20-40
CLLlike_PercViable,28 months,-4.107068989821773,0.13306584111608727,-4.00743609294601,0.1183509833312875,-3.9548294559277557,0.11894764203027501,-4.060465818885806,0.11103520207140304,-4.335227153805716,0.10637682100659439,1.9840247243485376,4,471.42004308297584,0.9999965209166015,0.09581808201396418,NA
Other_PercViable,05 months,-3.3415329751172935,0.1013519646915781,-3.555113081599531,0.10131145238224261,-3.6301502457152615,0.10121742728750249,-3.34411881513312,0.10126514691654386,-3.481619782022448,0.097228446155381,3.096429906949076,4,901.5620627322041,0.999860498356038,0.015156071606369042,AL-2D:2D-20
Other_PercViable,16 months,-3.262423285122048,0.07393492848856435,-3.3686553241342736,0.07415446750014132,-3.442624867876989,0.07349723487362482,-3.5786661271886846,0.07363612349837223,-3.538137451585785,0.06915900706364354,5.012300434423313,4,502.52978166199205,0.998040504323302,5.726867469342536e-4,AL-20:AL-40
Other_PercViable,28 months,-3.256794171021431,0.12401712534361149,-3.5472616081228456,0.11590731102693201,-3.5866079600557215,0.11625425262383123,-3.568118355590974,0.11201141237484905,-3.243330057201172,0.10967927169836286,4.720680177585018,4,467.613740537753,0.9999997400059585,9.627970961117968e-4,1D-40:2D-40:20-40
B_PercViable,05 months,-0.6092569607269899,0.05185055136421219,-0.5448627674051698,0.05182348790255684,-0.4797650139801899,0.05169301842177259,-0.5464951404094084,0.05175898644744415,-0.5227153647084134,0.048764567467447915,1.195386517736989,4,637.1109554751403,0.9987097739878474,0.31159394157406495,NA
B_PercViable,16 months,-0.5979269127642308,0.05974186233766598,-0.4315245736417165,0.0600664643941605,-0.43446885307956284,0.059386403352924985,-0.2596605181699152,0.05952103367572333,-0.6486040108304327,0.05707828194284462,8.790279184413201,4,389.28014411045507,0.9967768611526066,8.39140529271331e-7,AL-20:1D-40:2D-40:20-40
B_PercViable,28 months,-0.9356417521841125,0.13367364998913742,-0.6159498417385046,0.12023972512988683,-0.5210280852907733,0.1207963775039006,-0.4576511532060594,0.1135969039604147,-1.0169708694347694,0.10945565680180683,5.877641632308993,4,470.05819365282184,0.9999981932123114,1.2720623734334362e-4,AL-20:1D-40:2D-40:20-40
T_PercViable,05 months,-0.8107482268881274,0.04539132388700753,-0.7504313768687368,0.045369589569068954,-0.7016671343610734,0.045241120701960395,-0.7452886552239091,0.04530601808729718,-0.7660407896145367,0.04283287214110566,1.044041133468187,4,578.5164536251965,0.998348837922827,0.38370190008915406,NA
T_PercViable,16 months,-1.5457450391449128,0.05696742430298159,-1.3934706153028227,0.0573276625634192,-1.3018180571356313,0.0566313094470048,-1.286527738691525,0.05676728463585452,-0.9471544987897403,0.054942590966212936,18.15176043649921,4,361.84882535553885,0.9963632466041881,1.3363363452648327e-13,AL-2D:AL-20:AL-40:1D-40:2D-40:20-40
T_PercViable,28 months,-1.730801828305552,0.11736043049581295,-1.5835480653557303,0.10593678488114673,-1.6441785563672864,0.1064126539559643,-1.5768634965248998,0.10030094832321536,-1.1186911881407304,0.09680567142365974,7.42530708761753,4,469.72072188433106,0.9999985048533022,8.342716561162698e-6,AL-40:1D-40:2D-40:20-40
CD4T_PercViable,05 months,-1.5125137413473837,0.0467224941945424,-1.4784933256095782,0.046698396129179344,-1.4135568095791577,0.046578323156534235,-1.437159854804349,0.046639025353832596,-1.4745635938304757,0.04396058724894025,1.221715041999411,4,626.7818411641973,0.9986505415969285,0.30029479330645126,NA
CD4T_PercViable,16 months,-2.3207904419368877,0.05490398411875754,-2.170834739712595,0.055304512133998604,-2.0955835589815064,0.0545827322610523,-2.053614419728069,0.054722503232479985,-1.7719344102316752,0.053544930351794244,15.261766587897547,4,337.79501384585615,0.995951641047535,1.7514459708964317e-11,AL-2D:AL-20:AL-40:1D-40:2D-40:20-40
CD4T_PercViable,28 months,-2.9324184707703482,0.0935963131309933,-2.798765029978189,0.0823537757837723,-2.556761396223202,0.08280014098151968,-2.503994925620377,0.07677734697328895,-2.0634262803172674,0.07311121247006534,17.46767742983046,4,473.21725462165466,0.9999927883139571,2.2183198859188496e-13,AL-2D:AL-20:AL-40:1D-40:2D-40:20-40
CD8T_PercViable,05 months,-2.103376351499765,0.043223154916415374,-2.0527188551036204,0.04320913206543023,-2.038109133514534,0.04305459810858058,-2.076635794259488,0.043132465728971066,-2.1135408033769822,0.04139776553402204,0.6324119731819737,4,462.67112161057315,0.9973924384642671,0.6395930395437657,NA
CD8T_PercViable,16 months,-2.574098731073668,0.061791762532563986,-2.4728569976780634,0.06217157160914389,-2.3766646140495284,0.06142654484233149,-2.342871667425744,0.06157235883736259,-2.0409447396777027,0.059480468159803505,13.041823733584641,4,366.86641788137536,0.9964430786267541,6.104110472345219e-10,AL-20:AL-40:1D-40:2D-40:20-40
CD8T_PercViable,28 months,-2.725874528662908,0.1333718876848254,-2.59450171331232,0.11977303417251349,-2.647313151990187,0.12033500433810401,-2.554205354893029,0.11304194354913154,-2.134047565525811,0.1088347713864451,5.14059409495024,4,470.22719842082523,0.9999980233033083,4.626513031996533e-4,AL-40:1D-40:2D-40:20-40
NKG2DposT_PercViable,05 months,-4.590540422694659,0.07777386945570425,-4.593318177687076,0.07774241843041173,-4.60139545145731,0.07766902858817858,-4.63196029507497,0.07770627424330817,-4.611805543613781,0.07456970071418927,0.2026103130926433,4,900.2755451100618,0.9998551307115678,0.9369705603689162,NA
NKG2DposT_PercViable,16 months,-4.435695773554441,0.0840867230396701,-4.647920380988932,0.08423212469095595,-4.557452976950071,0.08361258723342009,-4.52773829063592,0.08375028497541717,-4.294903206649104,0.0782171951620946,4.478086683032795,4,591.5696903807709,0.9987218873059742,0.0014274626632923616,1D-40:2D-40
NKG2DposT_PercViable,28 months,-4.18119172616139,0.1418209226516398,-4.156747445786298,0.12690062680890013,-4.2271527393536985,0.1275131915157476,-4.189217446272173,0.11950057615791489,-4.116637719123172,0.11484628542026167,0.13670558056662344,4,470.63366387543147,0.9999975740698377,0.9686979762440635,NA
NK_PercViable,05 months,-3.852656079347738,0.07117575749769,-3.742411617005362,0.07113650118820501,-3.872678321143649,0.07099054116487784,-3.840183179935615,0.07106443260694283,-3.8932613564575873,0.06687342151500177,1.4766992965708017,4,729.3662997271238,0.9991738547271027,0.20743285693964325,NA
NK_PercViable,16 months,-4.434495280544755,0.06775893632469714,-4.421709534963623,0.06797490778335845,-4.549975153359488,0.06735628243221997,-4.552056311866506,0.06748604008517589,-4.68734194742885,0.06347483548243607,4.108597318118048,4,489.59906983588616,0.9979233599484806,0.0027653119278320585,AL-40:1D-40
NK_PercViable,28 months,-5.1262024734815705,0.09691500153393066,-5.082345688102567,0.08527383226344576,-5.1623484333428955,0.08573602444150555,-5.048356565893938,0.07949967739940238,-4.99151934852765,0.07570355104444385,0.6612180148696232,4,473.21725462165466,0.9999927883139571,0.61921214633543,NA
Neut_PercViable,05 months,-2.1238147693879683,0.04991761689343313,-2.240425406410716,0.049899534596557146,-2.317446902490709,0.049729078690038425,-2.2825084399592033,0.049815020658410473,-2.2726366772090185,0.04762276754894492,2.9641762907435463,4,484.5964935195044,0.9976060042306121,0.019409073482773168,AL-2D:AL-20
Neut_PercViable,16 months,-1.5603578751817562,0.05532704462792939,-1.797807262360471,0.05566900684258679,-1.8748547809495262,0.05500014680829071,-2.0481551429853,0.05513099347451956,-1.9608178215530023,0.05327728853741503,14.031125704576933,4,365.8823218429933,0.9964275763676779,1.1622549357850874e-10,AL-1D:AL-2D:AL-20:AL-40:1D-20
Neut_PercViable,28 months,-1.2410406633732138,0.1190372715242136,-1.5066914378967642,0.10781455778123271,-1.4579354511700884,0.10828416714449904,-1.6098131474447603,0.10229087247298545,-1.4150401559481265,0.09888080426077614,1.9364006321783735,4,469.4257055935359,0.9999987487722809,0.10325913429698601,NA
Mono_PercViable,05 months,-2.496129858804025,0.04739553193415829,-2.6056511237553965,0.047372473928090374,-2.7221150465898267,0.047240623254651636,-2.5737960362597367,0.047307238642206435,-2.5937210361227523,0.044695406644699544,3.6371265091353173,4,587.2162433573392,0.9984065219714647,0.006133816893542525,AL-2D
Mono_PercViable,16 months,-2.1062200831668454,0.05157214280660334,-2.2739656464768347,0.05186846988891307,-2.4510065819477296,0.05126614344286648,-2.430748165196073,0.05138473874106347,-2.4417447696326047,0.04943178139470466,10.49833848362914,4,379.010567109385,0.9966283819152386,4.475735454576155e-8,AL-2D:AL-20:AL-40:1D-2D
Mono_PercViable,28 months,-2.242486293562612,0.08290339633845682,-2.318219484523577,0.07348181530976365,-2.29872307510898,0.07386092968343608,-2.348449683301531,0.06879521867418549,-2.5895160432837216,0.06578548471646302,4.03321647384761,4,471.93968638341113,0.9999956657659711,0.003160910821794272,AL-40:1D-40:2D-40
Eos_PercViable,05 months,-3.4960525702018357,0.06427082440948963,-3.5579469304074434,0.06423597493069548,-3.5968148195020224,0.0640890295066522,-3.520935442002871,0.06416337453622617,-3.5831125535937365,0.060377778612936854,0.5822246090735406,4,682.3638973704125,0.998950680283873,0.6756147540049648,NA
Eos_PercViable,16 months,-3.402044659153499,0.0645243277896342,-3.33890723234921,0.06488975965731107,-3.411314384589608,0.06414118634590686,-3.30748811151986,0.06428877902898258,-3.1945495184487456,0.061793343087229266,2.36819008973238,4,381.6483934580246,0.9966672149286502,0.05223895794525901,NA
Eos_PercViable,28 months,-3.872759442622878,0.11581364402116094,-3.9770596494418013,0.10190242065487952,-3.9041196106417226,0.10245474134344128,-3.5224286444578046,0.09500229265237159,-3.2216358461783425,0.09046591315101449,11.026555867044168,4,473.21725462165466,0.9999927883139571,1.4744965872328816e-8,AL-40:1D-20:1D-40:2D-40
B_PercLymph,05 months,0.043728720232779406,0.05204799106596171,0.034655952826345704,0.05202375988152591,0.052167828030577956,0.05187234829799373,0.04419226806279364,0.05194881705777007,0.06534618460502867,0.04917039481747543,0.08306586028271604,4,564.6103846272362,0.9982532762077897,0.9876028860420405,NA
B_PercLymph,16 months,0.5953589247676597,0.06296326398212347,0.5733454369567188,0.06327204911566266,0.5266294193830592,0.0625872278956871,0.6226403706708346,0.0627242525210383,0.13533980015466518,0.059842197216788524,14.019472467478112,4,408.42676975148083,0.9970353924616925,9.966712091626196e-11,AL-40:1D-40:2D-40:20-40
B_PercLymph,28 months,0.5300556080700225,0.13235496447795486,0.6346270452477754,0.11824238392838121,0.7218309151382759,0.11881999034362575,0.7173710665926181,0.11123753348481644,0.0029482307638334926,0.10681860221336845,8.93288234110974,4,470.8270380823699,0.9999973388695872,5.847489352635393e-7,AL-40:1D-40:2D-40:20-40
CD4T_PercLymph,05 months,-1.0408222064603052,0.05094655238386805,-1.063418189214587,0.050919102696047464,-1.0328942672654515,0.05080012804802591,-1.005138263637745,0.05086031380276826,-1.0497159712627022,0.04786723130194766,0.3156413753292196,4,672.6314683921461,0.9989012348265093,0.8675781880686272,NA
CD4T_PercLymph,16 months,-1.6419970342348067,0.05586826906142804,-1.6001641453197686,0.056204111988105265,-1.5444210369495635,0.05553762187940229,-1.5813349301172577,0.05566831352875624,-1.226349119067145,0.05370026320117389,11.198833924675032,4,370.84169004666563,0.9965049447174961,1.3765449452298983e-8,AL-40:1D-40:2D-40:20-40
CD4T_PercLymph,28 months,-2.0896883163466695,0.10590485527720626,-2.1083264538719946,0.09318384895893743,-1.8583164448497447,0.093688914170235435,-1.8651209804518671,0.08687408240529819,-1.3058615946669645,0.08272582665672745,13.704756230169165,4,473.21725462165466,0.9999927883139571,1.3941267247946002e-10,AL-40:1D-40:2D-40:20-40
CD8T_PercLymph,05 months,-1.6931431174233142,0.04153087518904042,-1.6739939905642363,0.041519972001553856,-1.691842713200037,0.041361081623066086,-1.705264924762157,0.04144106291720871,-1.7388605753922075,0.0400472321952175,0.4283261705661532,4,431.75227855224625,0.9970568094854498,0.7881968321241742,NA
CD8T_PercLymph,16 months,-1.9125539014154567,0.060689175613361374,-1.942968700119973,0.06098228871459485,-1.8475124650123187,0.06032657614195419,-1.8880804831969096,0.0604579923020386,-1.524067292538259,0.057639785232065616,10.921232058484483,4,411.31147523433435,0.9970724278202422,2.002449440411606e-8,AL-40:1D-40:2D-40:20-40
CD8T_PercLymph,28 months,-1.8457173107706983,0.12491549580184613,-1.9181790355758512,0.11008215039003064,-1.9786915848105475,0.1106722487288998,-1.9201969069633078,0.10271545005404092,-1.380692083357009,0.09790006209734348,5.957554579950777,4,472.9285424536062,0.999993562063778,1.1038873807595227e-4,AL-40:1D-40:2D-40:20-40
NKG2DposT_PercLymph,05 months,-4.22649103707131,0.07703796898222903,-4.277471308753252,0.07700475127215728,-4.314354429011769,0.0769245928604991,-4.300998775954607,0.07696526572276316,-4.286910348537692,0.07363462645156187,0.7257175454189434,4,891.5596562379834,0.9998199285700045,0.5744587049239316,NA
NKG2DposT_PercLymph,16 months,-3.838514589007673,0.08233195221512797,-4.17306707673825,0.0824863080591539,-4.085884378263104,0.08186348705062084,-4.125282538952779,0.08200098359790245,-3.8544203339995056,0.07661069437165494,6.257296956827444,4,579.55191313031,0.9986406387697635,6.207197483867895e-5,AL-1D:AL-20:1D-40:20-40
NKG2DposT_PercLymph,28 months,-3.4043488584570705,0.14251596417652113,-3.531192609645649,0.12724185253488995,-3.6200831649190834,0.12786622678175932,-3.6169155691506587,0.11965838231068107,-3.482553624987263,0.11486868980441055,0.5568450885292339,4,470.90423983650965,0.9999972408595841,0.6941183408642144,NA
NK_PercLymph,05 months,-3.48465307590006,0.07631662699507251,-3.412679390966788,0.07627454444449963,-3.574982038378723,0.07612703845012588,-3.5050534178455233,0.0762017344442336,-3.561476243657087,0.07174559829089654,1.8162653793536592,4,752.5706597261035,0.9992757389451566,0.12374509591046268,NA
NK_PercLymph,16 months,-3.8344267242592665,0.07245376198469122,-3.94234504697901,0.07266079078054656,-4.077922275178138,0.07202584602844352,-4.1487526102965235,0.07216055966298168,-4.251327371888878,0.06772556007975568,8.808948747299633,4,509.45070375340686,0.9981009961906119,6.984581229794666e-7,AL-20:AL-40:1D-40
NK_PercLymph,28 months,-4.374145294804239,0.11289920602710214,-4.479848031068189,0.09933805711245548,-4.566017885581076,0.09987647870982415,-4.492284485191161,0.09261157009486207,-4.371887971509248,0.08818934809960857,0.7111933259599974,4,473.21725462165466,0.9999927883139571,0.5845634070989352,NA
Neut_PercMyeloid,05 months,-0.05958120839338564,0.050738506395705166,-0.07873117386438311,0.05071669390085202,-0.058904906799229106,0.050559395414714006,-0.14627984038442693,0.05063878921219852,-0.11056165518963636,0.04808803428112573,0.8053859420437092,4,532.4481398117733,0.9980147827546627,0.5220510006095769,NA
Neut_PercMyeloid,16 months,0.12941481124725812,0.04979555706106178,0.017937851521436385,0.05011889520305643,0.07575066037557665,0.04950224460492078,-0.11620139967696559,0.049622417215916134,-0.06848918069739918,0.04811597030817525,4.922157212309477,4,357.2275484925614,0.9962879469749453,7.119221774497359e-4,AL-20:AL-40:2D-20
Neut_PercMyeloid,28 months,0.5178554170722169,0.09675345643816241,0.4053582315039138,0.08754820352420965,0.3731565560318088,0.08793292708292309,0.23268203350708072,0.08301443120842411,0.43337250488211776,0.08021198550405219,1.8877130151732717,4,469.50595679554243,0.999998684958712,0.11141450982168447,NA
Mono_PercMyeloid,05 months,-0.6370527709011238,0.052310703675991874,-0.6465408618845594,0.05228386793448201,-0.6824995610975071,0.05214824915363335,-0.5992121962596421,0.05221680604750144,-0.6070408805103528,0.0492282775184671,0.5805742175142945,4,622.4569986592332,0.9986252234825933,0.6768219243186164,NA
Mono_PercMyeloid,16 months,-0.6693053649754094,0.057590535916393404,-0.6943387123333659,0.05787313826011888,-0.7863669875118825,0.05724659300678636,-0.669638851702437,0.057371949404925265,-0.7616501879429092,0.054737310410234344,1.0387297774207742,4,408.3159638908811,0.9970339603036666,0.3868649301293011,NA
Mono_PercMyeloid,28 months,-0.9218705929175708,0.10190296828933795,-0.8232788456032789,0.0924957859295542,-0.8426973906217546,0.0928904478006222,-0.8425260946261982,0.08787290974916644,-1.225586923607757,0.08502677781797587,5.459932736972549,4,469.25086010315607,0.9999988814277383,2.6474115462151804e-4,1D-40:2D-40:20-40
Eos_PercMyeloid,05 months,-1.8793179323767093,0.060765303319571945,-1.8245270949712455,0.06074050390644207,-1.7778120442055214,0.06054565008009434,-1.7839265959487187,0.06064396461635237,-1.8483189814498904,0.057709821403305835,0.7484379217295868,4,515.5279920629152,0.997878314095114,0.5593536801546373,NA
Eos_PercMyeloid,16 months,-2.2017035242969305,0.0632623773907349,-1.970423232763683,0.06377213137089395,-1.946501861237019,0.06289282234731497,-1.758396626420147,0.06306301836943883,-1.7037698842772198,0.06228252110284906,10.485945972143925,4,322.86513951606827,0.9956708538393144,5.349414168438981e-8,AL-2D:AL-20:AL-40:1D-40:2D-40
Eos_PercMyeloid,28 months,-2.780478400257528,0.11745937296963677,-2.7309860214606596,0.10335046906928615,-2.6846980501243785,0.10391063831622536,-2.2209359638740054,0.09635228923102178,-1.993187129612145,0.09175144710844459,12.64292462183879,4,473.21725462165466,0.9999927883139571,8.789220464833337e-10,AL-20:AL-40:1D-20:1D-40:2D-20:2D-40
B_CD11BposPercB,05 months,-3.6207902391639655,0.07966202483107551,-3.6136540733524507,0.079625442955810935,-3.7194403685810795,0.07953345068487537,-3.5925820127456176,0.07958011718562132,-3.60613217864953,0.07588842693271584,1.2815461566762536,4,879.3515676496064,0.9997726454421931,0.27549123060185454,NA
B_CD11BposPercB,16 months,-2.955543790119107,0.07404894401585994,-3.1202811646243425,0.07443560785298706,-3.137242397096689,0.07360762114985502,-3.2040558644848764,0.07377220023205538,-3.4126666528626806,0.07059713167328728,6.629747297992312,4,396.6630878400498,0.9968792581595131,3.579540948168908e-5,AL-20:AL-40:1D-40:2D-40
B_CD11BposPercB,28 months,-2.4204847330692862,0.14045868110589,-2.5336893673855694,0.12628287864572604,-2.554904744184008,0.12686981951530743,-2.7177219514799047,0.11927113751308502,-2.7059449933403985,0.11489664855743251,1.185909989664975,4,470.1066312569729,0.999998145487008,0.3161518731987468,NA
B_CD62LposPercB,05 months,0.5643125909570714,0.1024436823277957,0.606747955162247,0.10241297281834645,0.7080447824909507,0.10234808989276817,0.5122751725726391,0.10238103760949879,0.6469994638440102,0.09936940248279395,2.2887606400727267,4,917.9134590360004,0.9999395707844303,0.05817860076978753,NA
B_CD62LposPercB,16 months,0.5806223286271196,0.07412044921789104,0.6360011637518015,0.07417440639734833,0.8345744342105544,0.07374769573578165,0.49252341374988,0.0738479638471552,0.48950185070652574,0.06908470792733232,6.612008447830038,4,688.4405551718328,0.9992912719120229,3.17888862404311e-5,AL-2D:1D-2D:2D-20:2D-40
B_CD62LposPercB,28 months,0.07054185786829498,0.2336905932549553,0.40792198941819463,0.23001353064631236,0.5004041254991619,0.23017113151598814,0.1411627192884628,0.22831664562087917,0.13280344955879425,0.2273324710971753,6.0543044535059,4,466.2495000821402,0.9999999940190331,9.345411616748217e-5,AL-1D:AL-2D:2D-20:2D-40
B_NKG2DposPercB,05 months,-3.5755177694396414,0.19060508065407664,-3.619495889126194,0.1906011917925602,-3.623961926640253,0.19059418395049846,-3.6101500014185812,0.1905977460745287,-3.616898866641796,0.1902279564289149,0.790372408264449,4,912.6466861441015,0.9999998281760413,0.5315001084910823,NA
B_NKG2DposPercB,16 months,-4.396805513300051,0.18190483631342158,-4.587150195374479,0.18189172521687072,-4.703940220947595,0.18182037734433057,-4.554848348450171,0.18183990750920226,-4.640993000267307,0.18063226913288732,9.603360938314374,4,808.4725204629954,0.9999980800452819,1.3711523589903185e-7,AL-1D:AL-2D:AL-20:AL-40:1D-2D
B_NKG2DposPercB,28 months,-5.261610139768665,0.19690676575737445,-5.299433807897024,0.1942379606251339,-5.428751801391707,0.19435230878699833,-5.332084465475671,0.1930084152613315,-5.104928703539518,0.19229607327363446,4.509074466588846,4,466.2115851939592,0.9999999957028353,0.0013909283386340184,2D-40:20-40
CD4T_CD25posPercCD4T,05 months,-2.6496228550199485,0.0454077086456443,-2.6865188851369064,0.045382651213683387,-2.66902270274137,0.045290961421388644,-2.672175522450039,0.04533738252907662,-2.660800876175445,0.04266815622124471,0.1702752968841399,4,735.5938890537792,0.9992016849932658,0.9535650460802196,NA
CD4T_CD25posPercCD4T,16 months,-2.24211793567622,0.041388668428149,-2.344939676735061,0.041654939031247576,-2.463624435027699,0.041144733362937336,-2.4149179558854605,0.04124422943406281,-2.5290125659177476,0.03996601086486639,8.390892257876539,4,358.83734839735666,0.9963143734702019,1.7626583168648461e-6,AL-2D:AL-20:AL-40:1D-40
CD4T_CD25posPercCD4T,28 months,-2.2495780512485024,0.09840430146265623,-2.1364073178870315,0.09005961492783401,-2.2735596966173115,0.0904125447467045,-2.3192546789745587,0.08598421578404564,-2.3909014961961677,0.08349852414091175,1.784628626622094,4,468.6696020649714,0.9999992625584524,0.130708488553449,NA
CD4T_CD62LnegCD44negPercCD4T,05 months,-0.804997798017214,0.1157801522936369,-0.9011710576998337,0.1157352841547249,-0.8595825739103993,0.11563255063362718,-0.8275057218875931,0.11568469408149669,-0.798451975627356,0.11122387664103778,0.43435057665508675,4,904.6396954747352,0.9998735952867582,0.7838670135802455,NA
CD4T_CD62LnegCD44negPercCD4T,16 months,-1.3878644888654301,0.10782203992284467,-1.1450386214853852,0.10782010382925719,-1.1953813114302478,0.10741882662302617,-1.1825993764822913,0.10751958472872901,-1.1701952009398005,0.10200467819773058,2.5436244061572206,4,780.9139822628904,0.9997513602171652,0.038426666776947546,
CD4T_CD62LnegCD44negPercCD4T,28 months,-1.6195983021662013,0.1379067114132706,-1.6405740394381332,0.12849680011797873,-1.8682993341635472,0.12889893575748568,-1.6249674844579003,0.12396542849639898,-1.6505918909465676,0.1212463916237971,1.2783174566149995,4,467.7390111220095,0.9999996968844045,0.27755108317380445,NA
CD4T_CD62LnegCD44posPercCD4T,05 months,-2.2573292525153033,0.06384910572294915,-2.283252732414984,0.06381391933582983,-2.2830792408274982,0.06369172531157924,-2.24795795010158,0.06375360639121057,-2.2417587233060554,0.060032520682495615,0.14889156533957745,4,756.27091467264745,0.999291545936917,0.9634940314597754,NA
CD4T_CD62LnegCD44posPercCD4T,16 months,-1.065245030899257,0.07711882291135425,-1.2569055076988964,0.07741511261450372,-1.3720315981570115,0.07665769729335954,-1.3829926274442368,0.07681336975126869,-1.599875837710619,0.072603509592997,9.541608367891904,4,454.68658118032295,0.9975770232834541,2.0484428814896304e-7,AL-2D:AL-20:AL-40:1D-40
CD4T_CD62LnegCD44posPercCD4T,28 months,-0.26621736261036033,0.11200429486277295,-0.44238521696696376,0.1009388312271126,-0.38765450242350297,0.10139869403598419,-0.4618801521321565,0.0954738143927109,-0.7609685417800248,0.09207657002576228,4.499937077020059,4,469.8718985130347,0.9999983696847493,0.0014116903427970249,AL-40:2D-40
CD4T_CD62LposCD44negPercCD4T,05 months,-0.038506851138757625,0.12004720930212696,0.028857874490989643,0.11999446021534621,2.645422795365393e-4,0.11986571917411408,0.004416955973936432,0.11993103892515472,-0.04171777370969454,0.11463257262970297,0.22178467025694062,4,888.3572715024183,0.9998073586717431,0.9263197106290754,NA
CD4T_CD62LposCD44negPercCD4T,16 months,-0.8276782309686631,0.113577723922246,-0.6957917513027688,0.11374216085531691,-0.5551386254584728,0.11295086412010816,-0.5288341975899679,0.1131291867898315,-0.2874068467538531,0.10561747068770308,6.688027177385045,4,616.1725694840839,0.9988798608201005,2.8439138690164554e-5,AL-40:1D-40
CD4T_CD62LposCD44negPercCD4T,28 months,-1.8328492847769235,0.16312458908524383,-1.5527104455095362,0.1469238535817942,-1.5782678879993286,0.14759653988046764,-1.4639079125609746,0.13891961142766135,-1.3109054808294753,0.13393962625615521,2.0246058441311714,4,469.927668451752,0.9999983180190536,0.08989042514874614,NA
CD4T_CD62LposCD44posPercCD4T,05 months,-2.746300575655323,0.05607386823380823,-2.7808435085336294,0.0560434341078066,-2.779923889458084,0.05594677976795021,-2.7920428473397223,0.055995749480543776,-2.769764484595398,0.05281733746591527,0.24654417587885566,4,792.2160724344881,0.9994396037706452,0.9117899060220285,NA
CD4T_CD62LposCD44posPercCD4T,16 months,-1.9279587851279958,0.06634325355852239,-2.14597385261769,0.06644256818246329,-2.2221463762649107,0.0659755623718945,-2.13432479275334,0.06608054170965165,-2.310259977047679,0.06169451639887709,8.159979009348426,4,611.7355489108152,0.9988521511599241,2.052379154232027e-6,AL-2D:AL-20:AL-40
CD4T_CD62LposCD44posPercCD4T,28 months,-1.7517540239745588,0.11122723267916575,-1.7857407232328937,0.10179151470794327,-1.676668297850366,0.10219057671691992,-1.7890669260520022,0.0971831478854952,-1.7455886398651674,0.09437227998010397,0.3036900768979276,4,468.6718735355979,0.9999992612409413,0.8754947670713342,NA
CD4T_NKG2DposPercCD4T,05 months,-3.962456195108901,0.12775316703904407,-4.000794488579225,0.1277390132438429,-4.039613467908779,0.12771242111518097,-4.022719891104293,0.12772593445243088,-4.056848567947676,0.12636829279863926,1.573045240230027,4,918.5995304584833,0.9999942031033326,0.17935749477304713,NA
CD4T_NKG2DposPercCD4T,16 months,-3.8475510636312493,0.12930038732161817,-4.115516947335691,0.1292741947615656,-4.157254619225374,0.12898028395808386,-4.106040312808786,0.1290571981012838,-4.072663350273529,0.12455953279603851,4.166917481750714,4,810.6155374772092,0.999920229404582,0.0023963242898192294,AL-2D:AL-20:AL-40
CD4T_NKG2DposPercCD4T,28 months,-3.5391504008565677,0.11986650536660995,-3.821615836307136,0.10987042088324757,-4.015984846674048,0.11029371630883616,-3.8599934062286287,0.10499428857451516,-3.852242140240961,0.10202492159550551,3.2119292990934465,4,468.5740771018601,0.9999993167864547,0.012829179970171148,AL-2D
CD8T_CD62LnegCD44negPercCD8T,05 months,-1.850789319244073,0.11981820891617287,-1.8549009753795234,0.11977081080448762,-1.8120431107815882,0.11966131808448666,-1.7823459172210887,0.11971688935829816,-1.7353537909765546,0.11499768343755622,0.840843894756435,4,902.650111878847,0.9998650841923892,0.4993506173630887,NA
CD8T_CD62LnegCD44negPercCD8T,16 months,-2.3883875220092974,0.12714373924432026,-2.135846106713111,0.12714827773659684,-2.1713173774061962,0.12664651592367843,-2.44024615109063,0.1267716378638798,-2.4690306162602695,0.12000860021667369,3.0627724805192456,4,773.4361101707556,0.999714274117414,0.01612561209879318,1D-40:2D-40
CD8T_CD62LnegCD44negPercCD8T,28 months,-2.825930630358121,0.1964411803343891,-2.898709050966579,0.1843346800329174,-2.846221756785061,0.18485320029911453,-2.9828878528658267,0.17853727660254268,-3.0575925109758755,0.17507735913219116,0.6351973213674447,4,467.4595047245712,0.999999788334687,0.6376087684759645,NA
CD8T_CD62LnegCD44posPercCD8T,05 months,-2.5478430836908084,0.11361580906262037,-2.7176360437214027,0.11355958136399182,-2.6969574014670386,0.11340836990821891,-2.6233072032918114,0.11348504888945274,-2.6157122230652017,0.1077526763279603,0.6430162203358458,4,856.6786606223385,0.9996871579841826,0.6319320876007195,NA
CD8T_CD62LnegCD44posPercCD8T,16 months,-1.5671821805579795,0.11415066961905701,-1.878227221273042,0.11429323439185798,-2.0271184455873867,0.11353252924423003,-2.171029003025756,0.11370576770186863,-2.4136945781219428,0.10616268096944527,17.03127419678881,4,634.730401761012,0.9989923363732363,2.818354204772994e-13,AL-2D:AL-20:AL-40:1D-40:2D-40
CD8T_CD62LnegCD44posPercCD8T,28 months,-1.0858781115790195,0.15326078754990805,-1.4968534349504514,0.14319005676722887,-1.377188659561086,0.1436208400621623,-1.6475272813784576,0.13835084695975639,-1.9407140434612435,0.1354532672899912,9.91009236762696,4,467.62732667770126,0.9999997354979454,1.0533255564823164e-7,AL-20:AL-40:1D-40:2D-40
CD8T_CD62LposCD44negPercCD8T,05 months,0.4585342211966166,0.10772031084434254,0.5934148619332873,0.10767367724534833,0.47553487683954876,0.107560881297633,0.4272154034827057,0.10761811387705296,0.42269935562391747,0.10294057279877285,1.3198247470044269,4,890.9094098653686,0.9998173638590103,0.26073429971237405,NA
CD8T_CD62LposCD44negPercCD8T,16 months,-0.572375374198284,0.12148947990033276,-0.23735978082523834,0.12164899298530488,-0.15836283138862522,0.12082727778472828,-0.08657766708316338,0.12101376484210889,0.16328961741828937,0.11297981449586858,10.228828086288125,4,628.6421914028919,0.9989560251032922,4.989217038065117e-8,AL-2D:AL-20:AL-40:1D-40
CD8T_CD62LposCD44negPercCD8T,28 months,-1.806985394912212,0.17513435918170508,-1.3466674098904132,0.1572712372870758,-1.2793199462798541,0.15800937895547237,-1.1986726876733238,0.14842923673537015,-1.0043206854172577,0.14290232138504302,3.9728522337762056,4,470.23131475246305,0.9999980190452643,0.0035080851658573064,AL-20:AL-40
CD8T_CD62LposCD44posPercCD8T,05 months,-2.0381465157566847,0.08063742792539304,-2.1427843877832293,0.08059421122532613,-2.063871739569347,0.08046211158519118,-1.9533929102824783,0.0805290529403522,-2.0721002442850085,0.0760401460019635,1.3190452674761681,4,807.5744529214597,0.9995002323238661,0.2611216158828912,NA
CD8T_CD62LposCD44posPercCD8T,16 months,-1.2037361522793528,0.10076083501339261,-1.3707222926209557,0.10095025818662354,-1.445390229537253,0.10018733977444982,-1.1399080272326816,0.10035572555811383,-1.4041728196939363,0.09376024829246375,2.0422310490173676,4,579.1370125069506,0.9986377824432844,0.08707626252377482,NA
CD8T_CD62LposCD44posPercCD8T,28 months,-0.513748428937091,0.17894402503073772,-0.5064200518449505,0.16641489499424594,-0.5720411193824811,0.16694992920787613,-0.35784503032459725,0.1603722944521568,-0.43763450567651285,0.15674082047821475,0.48723952478682714,4,467.8218911534843,0.9999996664224646,0.7451275374518491,NA
CD8T_NKG2DposPercCD8T,05 months,-3.1932558250730136,0.08284633869561686,-3.3104896958453867,0.0828006176250619,-3.3274464920271702,0.08263633679711428,-3.318902314024547,0.08271951713953417,-3.2753172895033726,0.07786139769628021,0.8743979966575812,4,742.7517229062221,0.9992332230658282,0.4787797274950275,NA
CD8T_NKG2DposPercCD8T,16 months,-2.1386509769353377,0.10967654540485491,-2.5755855290462093,0.10987668526685387,-2.5148644730240117,0.1090543430200152,-2.5585136021305126,0.10923630237026379,-2.5949118007052796,0.10204205759392755,5.1805326369873,4,583.6241814617193,0.9986684892490125,4.1678319944026655e-4,AL-1D:AL-20:AL-40
CD8T_NKG2DposPercCD8T,28 months,-1.5283549267315502,0.14297642249376585,-1.726003837828189,0.12669540167401527,-1.5573097325360736,0.1273501618239223,-1.6929630719475308,0.11859666622741154,-2.161868859082976,0.1133920940130393,4.858067651966193,4,471.98039639498757,0.9999955924991588,7.569544839523106e-4,AL-40:2D-40:20-40
DNT_B220posPercDNT,05 months,-1.6903239186881904,0.08934457207490903,-1.717321123338234,0.08930483799043165,-1.677866034483103,0.0892071164013237,-1.7112658463969792,0.08925669555306283,-1.8031939573536302,0.08526074274632384,1.2514440886883471,4,886.125690557101,0.999798680390006,0.2875728206590272,NA
DNT_B220posPercDNT,16 months,-1.7591164501266319,0.11648609030614301,-1.9992825594914558,0.11646860400562287,-2.0295583253330762,0.11612496831437912,-1.5267971830688793,0.11621323688895677,-1.2212868269223962,0.11119380029647655,33.386989804245445,4,800.6734340171034,0.9998555420022134,8.806884274245528e-26,AL-20:AL-40:1D-20:1D-40:2D-20:2D-40:20-40
DNT_B220posPercDNT,28 months,-1.8641296943033503,0.14722949061576862,-1.792227602373535,0.14112795924858762,-1.694825976812806,0.14138998139404182,-1.5028877352005057,0.13825457067923058,-1.099250960232519,0.13656376996194625,17.291275568341312,4,466.8065837310314,0.9999999365635257,3.0739832818777584e-13,AL-20:AL-40:1D-40:2D-40:20-40
DNT_CD25posPercDNT,05 months,-2.8516835755160144,0.10058556952344802,-2.814077831927589,0.10054147269558392,-2.8389964771144887,0.10043400048239573,-2.7852096568191036,0.10048852943972354,-2.7060417105092496,0.09606013745549224,1.402272834214146,4,888.7628840246814,0.9998089427196463,0.2312698519119128,NA
DNT_CD25posPercDNT,16 months,-2.69321014822836,0.10682984096748258,-2.419278293781483,0.10697224640159635,-2.4382543539737864,0.10624640006555539,-2.588922833353523,0.10641095432606393,-2.2780965946117644,0.09934545716067378,3.8051416689172455,4,626.7600772422959,0.9989446860431096,0.004573084880608904,AL-40:20-40
DNT_CD25posPercDNT,28 months,-2.69228116897797,0.20123001237697608,-2.359104290128433,0.18327015892293372,-2.38074126959832,0.18402637185664797,-2.2344762277573857,0.17446631702631876,-1.9497692901880077,0.16906784706571826,3.0534732341702,4,468.9981951402767,0.9999990581403801,0.016743262248588436,AL-40
DNT_CD62LnegCD44negPercDNT,05 months,-1.145627903553712,0.07233831310108717,-1.1911227375147007,0.07230138977587554,-1.1567801527905397,0.07219823729624379,-1.0868663719909606,0.0722505348043821,-1.0769773470949888,0.06846492953204816,1.136047208254862,4,842.6611357766423,0.9996344987367064,0.3381413714014305,NA
DNT_CD62LnegCD44negPercDNT,16 months,-1.5566931036218907,0.11265076400548185,-1.2605812202321478,0.11263658881777487,-1.2211115968913957,0.1122835820811717,-1.5241466625232487,0.11237378148253029,-1.7088175894305244,0.10728765929032996,10.270326037630547,4,796.8028082069012,0.9998338562623947,4.112694729471122e-8,AL-1D:AL-2D:1D-40:2D-20:2D-40
DNT_CD62LnegCD44negPercDNT,28 months,-1.821686859900247,0.1544680628881999,-1.8856627748428383,0.14509083592016728,-1.7831456566390513,0.14549255985437234,-2.0299407721372758,0.1406038806973331,-2.3944017837116225,0.13792797152590172,7.31742923527971,4,467.42357170206697,0.9999997988476822,1.0108273553258664e-5,AL-40:1D-40:2D-40:20-40
DNT_CD62LnegCD44posPercDNT,05 months,-0.9667273688883623,0.07759864546892961,-0.9525763259647362,0.07756245066057624,-0.9597703950977173,0.077470334761877,-0.9748792360504449,0.07751706082888854,-0.9866970536748606,0.07385768678867814,0.09053342065942123,4,875.534241111035,0.9997581258026494,0.9854324890259304,NA
DNT_CD62LnegCD44posPercDNT,16 months,-0.7164208583117666,0.08586301967246074,-0.6950572666087264,0.08592401786932824,-0.785921910730889,0.08543266786633491,-0.7477894937077018,0.08554826119709211,-0.6206614662502775,0.08004055568564371,1.3456759748599174,4,690.3890632022583,0.9993014928618189,0.25143314594863686,NA
DNT_CD62LnegCD44posPercDNT,28 months,-0.42313680251825725,0.1076403646179976,-0.26501245842759896,0.09647722146467093,-0.4252460701906905,0.09693696184668509,-0.32285599142736265,0.09094554328293662,-0.2188760231181457,0.08747671865609691,1.1263975815584508,4,470.4402495259651,0.9999977952114579,0.3432992673212091,NA
DNT_CD62LposCD44negPercDNT,05 months,-1.3585259547228214,0.10771793484721907,-1.3788825116188421,0.1076724240505247,-1.4828436207961304,0.10756384707347673,-1.4292692477108808,0.10761894329600334,-1.4539377205800057,0.10306399079850155,0.9642759156632499,4,894.6558680800852,0.9998322413727653,0.42624994604291,NA
DNT_CD62LposCD44negPercDNT,16 months,-1.7498449534414886,0.11033618667432234,-1.74088366132644,0.11040268614434566,-1.6917324672125338,0.10979550603735522,-1.6671596209219206,0.10993942103712258,-1.5906711133980451,0.1029544245802878,0.905724578387909,4,702.5584784195264,0.9993645160664988,0.46005672473284487,NA
DNT_CD62LposCD44negPercDNT,28 months,-2.127412253360899,0.14978216880604941,-2.1064043470004896,0.1373384475293017,-2.14028531558374,0.1378655305778335,-2.0884937859659405,0.13126996042007644,-2.1800413295005203,0.12757578578597895,0.11875683809036225,4,468.5532081336386,0.9999993283286815,0.9758137948120329,NA
DNT_CD62LposCD44posPercDNT,05 months,-1.3123036112405642,0.07346818027466769,-1.2939487120871678,0.07343423030625144,-1.2685635589444535,0.07334845282553809,-1.3032816902879498,0.07339196548683859,-1.2774711866019477,0.06996338163265925,0.1582328994861144,4,877.8619653897118,0.9997669690663139,0.9592780986342972,NA
DNT_CD62LposCD44posPercDNT,16 months,-1.0525919435909614,0.09857418451372844,-1.3803266924956654,0.09857461814709871,-1.3244820221940603,0.09819817385478205,-1.1844541551081975,0.09829241598601204,-1.0984501234578958,0.09316165571642095,4.3789109168852836,4,777.7732699104421,0.9997357065007142,0.0016573097607783195,AL-1D:AL-2D:1D-40:2D-40
DNT_CD62LposCD44posPercDNT,28 months,-1.1063539469517667,0.12388725233250168,-1.3667352973382045,0.11342253905576759,-1.1567970524564164,0.11386526452528101,-1.0799213173929985,0.10831317560201234,-0.9772127362596383,0.10519801572063651,2.6091172220221766,4,468.64682917197473,0.9999992756950803,0.035016229609808554,1D-40
DNT_NKG2DposPercDNT,05 months,-1.3071407625947704,0.07261184896371083,-1.122914821862237,0.07257246679641854,-1.2354949449477357,0.0724477107793296,-1.2876398517370258,0.07251091897528188,-1.2911206848073533,0.0683994832705925,1.8901184678362497,4,793.2351857926469,0.9994436703467936,0.11021309390298678,NA
DNT_NKG2DposPercDNT,16 months,-0.8655569373105482,0.09690274900758147,-0.9863378598542021,0.09694499004150878,-0.9341020448985299,0.09644775675965668,-0.8672644553645777,0.09656709660941154,-0.8214942800191983,0.0906026759812962,0.8629723769443131,4,722.1507105043603,0.9994633957824931,0.48576301298160807,NA
DNT_NKG2DposPercDNT,28 months,-0.7584483409086662,0.13079791006406677,-0.6936393353829333,0.11681889406680583,-0.8297426851607362,0.1173907153357602,-0.9414662940233773,0.10987946240291392,-0.8293198890282574,0.1054994344169128,0.7574009692327573,4,470.8618123964502,0.9999972950191124,0.5534334582654181,NA
NKG2DposT_CD4posPercNKG2DposT,05 months,-0.5878085975823867,0.10370620028509915,-0.691441014165665,0.10367264485806099,-0.6517291368285555,0.10360036056686359,-0.5217967191832413,0.10363706243814642,-0.6727282163251359,0.10033514240477065,1.6111819884611516,4,915.5582087494428,0.999925593794693,0.16930910648077976,NA
NKG2DposT_CD4posPercNKG2DposT,16 months,-1.6349008055771808,0.13859815730803143,-1.4782674586318358,0.13857740478576452,-1.5361780852231617,0.13816809729811338,-1.548490965115647,0.13827322526255303,-1.472311923031775,0.13229592548360752,0.8320146173452491,4,800.6107520586918,0.9998551820799858,0.5049329752156091,NA
NKG2DposT_CD4posPercNKG2DposT,28 months,-2.1454966588373274,0.17498808731207519,-2.2982550631557306,0.1606072654233319,-2.2638584773507957,0.16121684670648762,-2.0773298555658175,0.15359942190257003,-1.724892949598049,0.14933760344985963,3.6724761999637052,4,468.4946917702025,0.9999993601150503,0.005871656028361583,1D-40:2D-40
NKG2DposT_CD8posPercNKG2DposT,05 months,-0.21667585335346723,0.0784599331979424,-0.32339372035971475,0.07841665461272786,-0.3148993581861829,0.07826396369241895,-0.33400031534557767,0.07834128276739295,-0.29520042111842487,0.07375433890585359,0.7800487996748159,4,749.9780029546346,0.9992645943653784,0.5382975136909863,NA
NKG2DposT_CD8posPercNKG2DposT,16 months,0.7099985705369428,0.11288860031139654,0.44405518578683945,0.11298105750265776,0.5456125090564173,0.11231152341997656,0.5470337137004774,0.11246791413749534,0.5118332591213477,0.10515210429779806,1.3640398276764647,4,678.4858018262144,0.9992384494196938,0.24484486700407043,NA
NKG2DposT_CD8posPercNKG2DposT,28 months,1.141179663988474,0.16857382202480445,1.1558004769650103,0.15161076527048634,1.3280411463389927,0.15231348945747866,1.2224000975871927,0.1432221022654478,0.9060004550175051,0.13799129980919547,1.5048156336897942,4,470.07274174050787,0.9999981789592124,0.19961574864948675,NA
NKG2DposT_DNPercNKG2DposT,05 months,-1.6571948239951575,0.08777296143734528,-1.403125386425791,0.08772619809667809,-1.4746768370260828,0.08758531334851,-1.5511247062462235,0.08765671199362585,-1.5025626073916591,0.0828094719613711,1.8608072982651755,4,813.3487123288241,0.9995226896403498,0.11535839704105547,NA
NKG2DposT_DNPercNKG2DposT,16 months,-1.983517997864245,0.09716217722964915,-1.6555014300201512,0.09730186054555491,-1.7966964923786441,0.09662639296163984,-1.7809647180041441,0.09677869228164684,-1.7816306668849031,0.09035231203427761,2.348211832616605,4,617.09658657137,0.9988855903130736,0.05320305874620594,NA
NKG2DposT_DNPercNKG2DposT,28 months,-2.4244222206750794,0.16132981776113853,-2.2059358967916225,0.14434002648756158,-2.412765988946904,0.14503739835836177,-2.429674841393986,0.1359130578370001,-2.231076669212179,0.1306117337100304,0.7410158190268499,4,470.64771275154703,0.9999975574661851,0.564366825288869,NA
NK_B220posPercNK,05 months,-1.6903239186881904,0.08934457207490903,-1.717321123338234,0.08930483799043165,-1.677866034483103,0.0892071164013237,-1.7112658463969792,0.08925669555306283,-1.8031939573536302,0.08526074274632384,1.2514440886883471,4,886.125690557101,0.999798680390006,0.2875728206590272,NA
NK_B220posPercNK,16 months,-1.7591164501266319,0.11648609030614301,-1.9992825594914558,0.11646860400562287,-2.0295583253330762,0.11612496831437912,-1.5267971830688793,0.11621323688895677,-1.2212868269223962,0.11119380029647655,33.386989804245445,4,800.6734340171034,0.9998555420022134,8.806884274245528e-26,AL-20:AL-40:1D-20:1D-40:2D-20:2D-40:20-40
NK_B220posPercNK,28 months,-1.8641296943033503,0.14722949061576862,-1.792227602373535,0.14112795924858762,-1.694825976812806,0.14138998139404182,-1.5028877352005057,0.13825457067923058,-1.099250960232519,0.13656376996194625,17.291275568341312,4,466.8065837310314,0.9999999365635257,3.0739832818777584e-13,AL-20:AL-40:1D-40:2D-40:20-40
NK_CD62LposPercNK,05 months,-0.5488706426725805,0.07511489704645988,-0.44201903007082105,0.07507344209107558,-0.43207451275317926,0.07492282777525208,-0.484467292888183,0.07499908414195765,-0.48698172228795084,0.07058747993741217,0.5247331110565959,4,738.3860390114644,0.9992140436446795,0.7175945307308784,NA
NK_CD62LposPercNK,16 months,-0.4029802213499548,0.09916655891998402,-0.4964804845170355,0.09917511805256565,-0.37911406278692006,0.0987649977150807,-0.17561302230292364,0.0988666648506666,-0.26317697939797213,0.0934320761834475,4.4147445192751045,4,766.549352645601,0.9996805425638169,0.001557972653149243,AL-20:1D-20:1D-40
NK_CD62LposPercNK,28 months,-0.7573165043377347,0.12455880254663039,-0.5543713437060376,0.11656404374702183,-0.5799190731351994,0.11690619989794793,-0.27894469792855175,0.1127273442616836,-0.3526728580894646,0.1104329100486188,5.402644154575671,4,467.56284221918565,0.9999997565319871,2.9288064097860323e-4,AL-20:AL-40
NK_CD11BnegCD11CnegPercNK,05 months,-1.8244666562069194,0.0864024773562128,-1.8461514249571587,0.08635705966530816,-1.7546111471925914,0.08622402175653045,-1.8658975312973654,0.0862914537739888,-1.7632270566268577,0.08160270431550896,0.8912415743775823,4,824.4441024171107,0.9995653954497321,0.4685752359828067,NA
NK_CD11BnegCD11CnegPercNK,16 months,-1.4263837309379017,0.10055882172162402,-1.2481153638048113,0.10057812021347912,-1.2425187554612793,0.10012742753448063,-1.011192303619677,0.10023792795652627,-0.5380845467099266,0.09445763102873503,38.23238674400538,4,752.6042538369067,0.9996127289291744,3.789176015761748e-29,AL-20:AL-40:1D-40:2D-40:20-40
NK_CD11BnegCD11CnegPercNK,28 months,-1.4273220084487053,0.095084696587285,-1.475727099826037,0.08672352241810001,-1.289417438777137,0.08707607378163663,-1.114358728417955,0.08262936693332254,-0.7458049346305765,0.08012295796575228,18.687629203914568,4,468.89656092425514,0.9999991243760488,2.888362626786897e-14,AL-20:AL-40:1D-20:1D-40:2D-40:20-40
NK_CD11BnegCD11CposPercNK,05 months,-3.0431826868643372,0.11385266759434388,-3.3565206034674926,0.1138059832598673,-3.3575623474594525,0.11369631518001494,-3.2012887165940067,0.11375197003483085,-3.2951502064230094,0.10909114857783449,3.2290643202137823,4,898.6338104024995,0.9998483575667142,0.012092164149269962,AL-1D:AL-2D:AL-40
NK_CD11BnegCD11CposPercNK,16 months,-2.421004535060475,0.13000268105408538,-2.3283083706270316,0.12998318383926136,-2.4961824032710878,0.12959952341736006,-2.4514943220186667,0.1296980697677513,-2.2038272578321436,0.12409447392508564,3.964473078416081,4,800.6506259839837,0.999855410999188,0.003415112071216918,2D-40:20-40
NK_CD11BnegCD11CposPercNK,28 months,-1.6767079799520193,0.1416856619986652,-1.9044641351299845,0.13451861823740324,-1.8601305812015334,0.13482622040837286,-1.7825090950661595,0.13111807824845836,-1.6498264222746828,0.12910501947566472,1.8700362133237787,4,467.07097850900647,0.9999998873252862,0.1145318302853819,NA
NK_CD11BposCD11CnegPercNK,05 months,0.17975066506558285,0.08981811327971696,0.3414599588297941,0.0897774780227211,0.31028973342460386,0.08967638120896346,0.27771603710508347,0.08972766943006759,0.3019779941912775,0.08563373001207675,1.1850043552938174,4,882.6663112982138,0.9997853343976465,0.31584111968165995,NA
NK_CD11BposCD11CnegPercNK,16 months,-0.15727222215766407,0.09884283027428159,-0.22075325554324612,0.09884721057508528,-0.18113978672060924,0.0984538152920526,-0.4200274762832703,0.0985518121371132,-0.7902383797936561,0.093265165748471393,25.955901143122013,4,772.2526609985857,0.9997084554727016,3.287804313548051e-20,AL-20:AL-40:1D-40:2D-40:20-40
NK_CD11BposCD11CnegPercNK,28 months,-0.5178510615326579,0.135975255326781,-0.5235240254081559,0.12816999201115553,-0.5486503915152036,0.1285046271452663,-0.752231411871888,0.12444556292251263,-0.9082139315483793,0.12222997618269416,4.729757268706751,4,467.30043110518653,0.9999998327593619,9.478111083161457e-4,AL-40:1D-40:2D-40
NK_CD11BposCD11CposPercNK,05 months,-1.2771009139670244,0.11069630219641574,-1.4339961185806593,0.11065457481973846,-1.4726817430124188,0.11056009411925542,-1.3236331090939935,0.11060805190210263,-1.4320010390438545,0.10646714586401645,1.3875043934141815,4,907.0098103997811,0.9998839886067031,0.23630518811906973,NA
NK_CD11BposCD11CposPercNK,16 months,-1.4808990769359502,0.10211193673094686,-1.6163113839871337,0.10211913305341719,-1.6177144343974006,0.10170267657773265,-1.6484770255359151,0.10180610001939182,-1.8772957074117054,0.09625873746727176,7.007569897707869,4,768.6883510895868,0.9996909897401134,1.526441180415105e-5,AL-40:1D-40:2D-40:20-40
NK_CD11BposCD11CposPercNK,28 months,-1.4654859025253044,0.11277524375118399,-1.3124375627665508,0.1044307282377863,-1.4669478927846515,0.10478637164886515,-1.4413049167417475,0.10039264348475334,-1.8567787361834716,0.09795705642425948,7.975484126911007,4,468.01972516749356,0.9999995873899598,3.1679071318250545e-6,AL-40:1D-40:2D-40:20-40
NK_CD11BnegCD11CnegPercCD62LposNK,05 months,-1.1261007839892943,0.11185524766682357,-0.9808312082513171,0.11179574577980439,-1.025422113732019,0.11161711510616322,-1.0376178791826378,0.11170764460658292,-1.0916228518770084,0.10554311593959681,0.5481490836944575,4,814.7507236204544,0.9995281171419955,0.7004325251115906,NA
NK_CD11BnegCD11CnegPercCD62LposNK,16 months,-0.9809342546174658,0.1294399542333876,-1.0425824631832656,0.12945126204418259,-0.9792172042144002,0.12891545760861003,-0.6260345989404186,0.1290482657170915,-0.5515323401203938,0.12195063578546123,9.563441808404287,4,766.408160550685,0.9996798536998929,1.5054119841021832e-7,AL-20:AL-40:1D-20:1D-40:2D-40
NK_CD11BnegCD11CnegPercCD62LposNK,28 months,-1.4207424239583375,0.17911362271989317,-0.9529102185618769,0.16610974826299987,-1.0132886848910305,0.16666437726933264,-0.5686462406505912,0.1598243627199382,-0.5025776602652694,0.1560381946560135,8.696756018318098,4,467.9483364120623,0.9999996169448794,8.891240987609291e-7,AL-20:AL-40:2D-40
NK_CD11BnegCD11CposPercCD62LposNK,05 months,-0.7272539021308637,0.13698962009781399,-0.6285482097583087,0.13692558836353136,-0.6003307403884743,0.13676235263356742,-0.7026761837664326,0.13684515366662878,-0.746919738465729,0.13036973236919464,0.5049175878232356,4,874.9885927129872,0.999756057072394,0.7321451111882116,NA
NK_CD11BnegCD11CposPercCD62LposNK,16 months,-1.2636532997364358,0.15727492340445798,-1.1449007568124316,0.15734415073369482,-1.0897785295707678,0.15653554905463968,-0.7020945615536969,0.15672955448995113,-0.7349105871857426,0.14704084314297935,7.11524117674938,4,721.6390054464537,0.9994608482232991,1.2751965109807695e-5,AL-20:AL-40:1D-40
NK_CD11BnegCD11CposPercCD62LposNK,28 months,-2.2817309389031317,0.23019834293805203,-1.9766087190136956,0.2111093343934257,-1.612606880306835,0.21191799837093012,-1.1877872848587252,0.20180132534185422,-1.5024841525012005,0.19613606664726221,5.992619747026557,4,468.5430205299868,0.9999993339237974,1.0402504669096717e-4,AL-20:AL-40:1D-20
NK_CD11BposCD11CnegPercCD62LposNK,05 months,-0.5143448601789515,0.08433868680372036,-0.3950680324364074,0.08429223058982309,-0.32609150283767374,0.08413183924455436,-0.4485354217730319,0.08421306647314565,-0.42029032764948177,0.07930415633332234,0.9521909864432601,4,758.6053001352609,0.999301459534343,0.43314723201081906,NA
NK_CD11BposCD11CnegPercCD62LposNK,16 months,-0.2366062221979044,0.10731869826085867,-0.390082910562017,0.10733712679313948,-0.19543992420322198,0.10686280393319866,-3.9601243825820864e-4,0.1069793303843058,-0.12969133735978927,0.10085929265097181,4.541826090986578,4,755.2310722465756,0.999625488648932,0.0012475288656260532,AL-20:1D-20:1D-40
NK_CD11BposCD11CnegPercCD62LposNK,28 months,-0.7584150484675393,0.15346000930468542,-0.3033032947273121,0.14087325828128566,-0.3566203782252933,0.14140686069293884,-0.129974780347067,0.1347405152131509,-0.17805940924979596,0.1310115432132719,4.292479680666312,4,468.4842771727554,0.9999993656833814,0.0020226147176237563,AL-20:AL-40
NK_CD11BposCD11CposPercCD62LposNK,05 months,-0.2947203660145523,0.08477917255949792,-0.2080559886090414,0.08473267458842207,-0.22135135296515165,0.0845777061902379,-0.26400947236320016,0.0846562011204766,-0.27322976159550977,0.07976705816227288,0.2568616595805334,4,772.770325316283,0.9993606852894883,0.9055068438168805,NA
NK_CD11BposCD11CposPercCD62LposNK,16 months,-0.14959014502265341,0.11091917414966046,-0.2867817441921227,0.11092851688828315,-0.13679652063365183,0.11047061536236646,0.04874102859137103,0.11058415376236001,-0.13289961981213658,0.1045122872628617,2.967160487215033,4,766.8296022941013,0.99968191013029994,0.018958339605942558,1D-20
NK_CD11BposCD11CposPercCD62LposNK,28 months,-0.7301082805386065,0.1493318268887884,-0.37813009433807965,0.13682500098056463,-0.2936363761462384,0.13735445420403325,-0.14529672653339584,0.13072227320136046,-0.17472687256374086,0.1270044732217609,4.00704795037638,4,468.5980682510536,0.9999993033828501,0.0033088997316522884,AL-20:AL-40
Neut_CD62LposPercNeut,05 months,2.397859411205101,0.1928191720319193,2.3564373457849364,0.19276889703899053,2.4169840255598665,0.19266570803556451,2.3707951440610353,0.19271811688303808,2.3456526401776823,0.1878132572837582,0.1953516313967253,4,920.320379261375,0.9999579700234638,0.9408549572920468,NA
Neut_CD62LposPercNeut,16 months,3.00032794906622,0.2023747176201154,2.6722276915898697,0.20233615149782005,2.7447624738328047,0.20182774952262214,3.2763499619621785,0.20195994190017358,2.993288090427482,0.1943015059372909,3.8945400769337217,4,807.861079551487,0.9999000039630768,0.003855206995307358,1D-20:2D-20
Neut_CD62LposPercNeut,28 months,2.0100601590643414,0.21299740996134278,2.192585281530869,0.20505415922525905,2.2027454484576787,0.20539527042234296,2.2920568562671786,0.20132596749049234,2.4830784615892054,0.19913777059597604,2.6627544970574464,4,466.7001434136238,0.9999999523404172,0.032063972419207,AL-40
Mono_ResidPercMono,05 months,-0.17187269533802113,0.04728160218444134,-0.22722069791261595,0.04726522717278058,-0.25392176342367845,0.04710053406063492,-0.2055954963093339,0.04718354963406791,-0.29254636159427655,0.04518139869552461,1.1949102114380743,4,475.03524717273797,0.997515143487769,0.312188434645142,NA
Mono_ResidPercMono,16 months,-0.32987569008804823,0.05670384700136676,-0.2257969334992398,0.05697348792824215,-0.06333023890724372,0.05636493606619598,0.04804250770752419,0.056487105455023355,0.1502727858904622,0.05381670481754277,16.565159926577945,4,414.24688133865595,0.9971096278917253,1.3289245934455977e-12,AL-2D:AL-20:AL-40:1D-20:1D-40:2D-40
Mono_ResidPercMono,28 months,-0.5675984921254261,0.09978031103921238,-0.4770138032390786,0.08996928917834193,-0.2696679410183274,0.09037733526785452,-0.02516621478389891,0.08512548009143804,0.13065976622262318,0.08211669133787486,14.085118053281708,4,469.82245716038057,0.9999984146699985,7.295918086867215e-11,AL-20:AL-40:1D-20:1D-40:2D-40
Mono_InflPercMono,05 months,-0.8399951199162469,0.055850670183764724,-0.7901631801295107,0.05581984700763841,-0.7838849931636359,0.05570781753051241,-0.9043241645631025,0.055764538199592505,-0.7461923742463242,0.052484186854037156,2.0691950006307436,4,738.2368319269183,0.999213385055741,0.0831097802154481,NA
Mono_InflPercMono,16 months,-0.4380075069088251,0.0611212050603339,-0.6243380773128827,0.061247993132391175,-0.8624293701566814,0.060769723670503095,-0.8825413005321827,0.06087437858923926,-1.0548386351020287,0.0569096399091074,29.27492992339242,4,563.8205574306696,0.9985298122906823,3.893846854402635e-22,AL-2D:AL-20:AL-40:1D-2D:1D-20:1D-40:2D-40
Mono_InflPercMono,28 months,-0.3335388386181407,0.09833905460777191,-0.3177432736935582,0.09081414985116582,-0.5462314651453897,0.09113439394883296,-0.7731475558833028,0.08716483542105612,-1.1652391336305918,0.08495840287992867,28.166385420648993,4,468.1558523007981,0.9999995277467847,5.5548119033776286e-21,AL-20:AL-40:1D-20:1D-40:2D-40:20-40
Mono_CD11CposCD62LposPercMono,05 months,-3.939789583389739,0.06456496710376203,-3.9016226005204877,0.06453640532747877,-3.8849148062374828,0.0644664005294296,-3.8850215190073807,0.06450191822862157,-3.8656809563204804,0.061631073988166835,0.7310692725134457,4,887.1287364321171,0.9998025736756613,0.5708340864926997,NA
Mono_CD11CposCD62LposPercMono,16 months,-3.8855565096474303,0.07754780870337163,-3.8575190413727167,0.07754196924507233,-3.891605997343257,0.07727515118628989,-3.8943874392539533,0.0773427164892969,-3.9435582247661465,0.07358961237844662,0.6501484048268027,4,789.1726409689007,0.9997933320942487,0.6268930932380733,NA
Mono_CD11CposCD62LposPercMono,28 months,-4.007688455922849,0.09567152303799184,-3.94775421081854,0.09111914689495733,-3.8096428883398934,0.09131458622691667,-3.9919462584677525,0.08896452219753678,-3.991570943142189,0.08769161643108869,2.244440816276013,4,466.9792257160457,0.9999999060498748,0.06334883454925953,NA
Mono_OtherPercMono,05 months,-1.4575735474761686,0.06711447830838445,-1.344778539667343,0.06708573982289785,-1.303605715601801,0.06701666612808053,-1.34806828707214,0.06705171533850403,-1.3765455316927646,0.0641720160476373,2.3005939656765073,4,892.6557338783736,0.9998242675413145,0.05709312434654861,NA
Mono_OtherPercMono,16 months,-1.821387978511955,0.07662812944047805,-1.6662177095450872,0.07664688776064041,-1.6348059250974443,0.07629154877082331,-1.7969789358665413,0.07637823369856211,-1.7113932569328498,0.07189016641947032,1.472943158287424,4,745.8075285331975,0.9995796782419883,0.2085646175628033,NA
Mono_OtherPercMono,28 months,-1.7507254957550662,0.09630756585240008,-1.7956621665038575,0.09036269469828279,-1.8050209110294306,0.09061730608060202,-1.8273915941106713,0.0875156548261487,-1.5992731731395438,0.08581639623649819,2.6782970048204073,4,467.46339653978043,0.9999997871792135,0.03125102704814788,20-40
